{
    "masterVolumeData": 0.2999999225139618,
    "bgmVolumeData": 0.49999991059303286,
    "seVolumeData": 0.6000000238418579
}