{
    "masterVolumeData": 0.2999999225139618,
    "bgmVolumeData": 0.3999999165534973,
    "seVolumeData": 0.6999999284744263
}