{
    "masterVolumeData": 0.19579198956489564,
    "bgmVolumeData": 0.7936742901802063,
    "seVolumeData": 0.2136959731578827
}